<?xml version="1.0" encoding="UTF-8"?>
<metadata xml:lang="en"><Esri><CreaDate>20220415</CreaDate><CreaTime>18191400</CreaTime><ArcGISFormat>1.0</ArcGISFormat><SyncOnce>TRUE</SyncOnce><DataProperties><lineage><Process ToolSource="c:\program files\arcgis\pro\Resources\ArcToolbox\toolboxes\Conversion Tools.tbx\FeatureClassToFeatureClass" Date="20220415" Time="181914">FeatureClassToFeatureClass tcsi_lulc_scn6_2060_max_huc10 "G:\InVEST_habitat_quality\teague's folder" biodiversity_tcsi.shp # "Join_Count "Join_Count" true true false 4 Long 0 0,First,#,tcsi_lulc_scn6_2060_max_huc10,tcsi_lulc_scn6_2060_max_huc10.Join_Count,-1,-1;TARGET_FID "TARGET_FID" true true false 4 Long 0 0,First,#,tcsi_lulc_scn6_2060_max_huc10,tcsi_lulc_scn6_2060_max_huc10.TARGET_FID,-1,-1;gridcod "gridcod" true true false 8 Double 0 0,First,#,tcsi_lulc_scn6_2060_max_huc10,tcsi_lulc_scn6_2060_max_huc10.gridcod,-1,-1;last_2 "last_2" true true false 8 Double 0 0,First,#,tcsi_lulc_scn6_2060_max_huc10,tcsi_lulc_scn6_2060_max_huc10.last_2,-1,-1;frst_tw "frst_tw" true true false 80 Text 0 0,First,#,tcsi_lulc_scn6_2060_max_huc10,tcsi_lulc_scn6_2060_max_huc10.frst_tw,0,80;scnd_ls "scnd_ls" true true false 80 Text 0 0,First,#,tcsi_lulc_scn6_2060_max_huc10,tcsi_lulc_scn6_2060_max_huc10.scnd_ls,0,80;frst_ls "frst_ls" true true false 8 Double 0 0,First,#,tcsi_lulc_scn6_2060_max_huc10,tcsi_lulc_scn6_2060_max_huc10.frst_ls,-1,-1;frst_ty "frst_ty" true true false 80 Text 0 0,First,#,tcsi_lulc_scn6_2060_max_huc10,tcsi_lulc_scn6_2060_max_huc10.frst_ty,0,80;srl_stg "srl_stg" true true false 80 Text 0 0,First,#,tcsi_lulc_scn6_2060_max_huc10,tcsi_lulc_scn6_2060_max_huc10.srl_stg,0,80;cnpy_cv "cnpy_cv" true true false 8 Double 0 0,First,#,tcsi_lulc_scn6_2060_max_huc10,tcsi_lulc_scn6_2060_max_huc10.cnpy_cv,-1,-1;ecrgn_t "ecrgn_t" true true false 8 Double 0 0,First,#,tcsi_lulc_scn6_2060_max_huc10,tcsi_lulc_scn6_2060_max_huc10.ecrgn_t,-1,-1;OBJECTID "OBJECTID" true true false 4 Long 0 0,First,#,tcsi_lulc_scn6_2060_max_huc10,tcsi_lulc_scn6_2060_max_huc10.OBJECTID,-1,-1;TNMID "TNMID" true true false 40 Text 0 0,First,#,tcsi_lulc_scn6_2060_max_huc10,tcsi_lulc_scn6_2060_max_huc10.TNMID,0,40;MetaSource "MetaSource" true true false 40 Text 0 0,First,#,tcsi_lulc_scn6_2060_max_huc10,tcsi_lulc_scn6_2060_max_huc10.MetaSource,0,40;SourceData "SourceData" true true false 100 Text 0 0,First,#,tcsi_lulc_scn6_2060_max_huc10,tcsi_lulc_scn6_2060_max_huc10.SourceData,0,100;SourceOrig "SourceOrig" true true false 130 Text 0 0,First,#,tcsi_lulc_scn6_2060_max_huc10,tcsi_lulc_scn6_2060_max_huc10.SourceOrig,0,130;SourceFeat "SourceFeat" true true false 40 Text 0 0,First,#,tcsi_lulc_scn6_2060_max_huc10,tcsi_lulc_scn6_2060_max_huc10.SourceFeat,0,40;LoadDate "LoadDate" true true false 8 Date 0 0,First,#,tcsi_lulc_scn6_2060_max_huc10,tcsi_lulc_scn6_2060_max_huc10.LoadDate,-1,-1;GNIS_ID "GNIS_ID" true true false 4 Long 0 0,First,#,tcsi_lulc_scn6_2060_max_huc10,tcsi_lulc_scn6_2060_max_huc10.GNIS_ID,-1,-1;AreaAcres "AreaAcres" true true false 8 Double 0 0,First,#,tcsi_lulc_scn6_2060_max_huc10,tcsi_lulc_scn6_2060_max_huc10.AreaAcres,-1,-1;AreaSqKm "AreaSqKm" true true false 8 Double 0 0,First,#,tcsi_lulc_scn6_2060_max_huc10,tcsi_lulc_scn6_2060_max_huc10.AreaSqKm,-1,-1;States "States" true true false 50 Text 0 0,First,#,tcsi_lulc_scn6_2060_max_huc10,tcsi_lulc_scn6_2060_max_huc10.States,0,50;HUC10 "HUC10" true true false 10 Text 0 0,First,#,tcsi_lulc_scn6_2060_max_huc10,tcsi_lulc_scn6_2060_max_huc10.HUC10,0,10;Name "Name" true true false 120 Text 0 0,First,#,tcsi_lulc_scn6_2060_max_huc10,tcsi_lulc_scn6_2060_max_huc10.Name,0,120;HUType "HUType" true true false 254 Text 0 0,First,#,tcsi_lulc_scn6_2060_max_huc10,tcsi_lulc_scn6_2060_max_huc10.HUType,0,254;HUMod "HUMod" true true false 30 Text 0 0,First,#,tcsi_lulc_scn6_2060_max_huc10,tcsi_lulc_scn6_2060_max_huc10.HUMod,0,30;Shape_Leng "Shape_Leng" true true false 8 Double 0 0,First,#,tcsi_lulc_scn6_2060_max_huc10,tcsi_lulc_scn6_2060_max_huc10.Shape_Leng,-1,-1;Shape_Le_1 "Shape_Le_1" true true false 8 Double 0 0,First,#,tcsi_lulc_scn6_2060_max_huc10,tcsi_lulc_scn6_2060_max_huc10.Shape_Le_1,-1,-1;ws_id "ws_id" true true false 4 Long 0 0,First,#,tcsi_lulc_scn6_2060_max_huc10,tcsi_lulc_scn6_2060_max_huc10.ws_id,-1,-1;area_km2 "area_km2" true true false 8 Double 0 0,First,#,tcsi_lulc_scn6_2060_max_huc10,tcsi_lulc_scn6_2060_max_huc10.area_km2,-1,-1;area_acres "area_acres" true true false 8 Double 0 0,First,#,tcsi_lulc_scn6_2060_max_huc10,tcsi_lulc_scn6_2060_max_huc10.area_acres,-1,-1;Shape_Le_2 "Shape_Length" false true true 8 Double 0 0,First,#,tcsi_lulc_scn6_2060_max_huc10,tcsi_lulc_scn6_2060_max_huc10.Shape_Length,-1,-1;Shape_Area "Shape_Area" false true true 8 Double 0 0,First,#,tcsi_lulc_scn6_2060_max_huc10,tcsi_lulc_scn6_2060_max_huc10.Shape_Area,-1,-1;OBJECTID_1 "OBJECTID" false true false 4 Long 0 9,First,#,tcsi_lulc_scn6_2060_max_huc10,tcsi_lulc_scn6_2060_max_huc10_SummarizeAttributes.OBJECTID,-1,-1;Name_1 "Name" true true false 10485758 Text 0 0,First,#,tcsi_lulc_scn6_2060_max_huc10,tcsi_lulc_scn6_2060_max_huc10_SummarizeAttributes.Name,0,10485758;COUNT "COUNT" true true false 8 Double 0 0,First,#,tcsi_lulc_scn6_2060_max_huc10,tcsi_lulc_scn6_2060_max_huc10_SummarizeAttributes.COUNT,-1,-1" #</Process></lineage></DataProperties></Esri></metadata>
